centro_codigo|centro_nombre|centro_tipo_codigo|centro_tipo_desc_abreviada|centro_tipo_descripcion|centro_titular|centro_titularidad|contacto_email1|contacto_fax|contacto_telefono1|contacto_telefono2|contacto_telefono3|contacto_telefono4|contacto_web|dat_codigo|dat_nombre|direccion_codigo_postal|direccion_coor_x|direccion_coor_y|direccion_numero|direccion_via_nombre|direccion_via_tipo|distrito_codigo|distrito_nombre|municipio_codigo|municipio_nombre|avg_x|avg_y|distancia_euclideana
28062084|INSTITUTO VOX|058|CPR FPE|CENTRO PRIVADO DE FORMACIÓN PROFESIONAL ESPECÍFICA|INSTITUTO VOX, S.L. UNIPERSONAL|PRIVADO|institutovox@institutovox.es|""|""|915471759|""|""|""|5|Madrid-Capital|""|439513.0|4476920.0|115B|de Guzmán el Bueno|CALLE|07|Chamberí|079|Madrid|439602.9362934363|4476838.754826255|121.19948487467829
28022323|TEIDE II|058|CPR FPE|CENTRO PRIVADO DE FORMACIÓN PROFESIONAL ESPECÍFICA|SOCIEDAD COOPERATIVA MADRILEÑA TEIDE-HEASE|PRIVADO CONCERTADO|cc.teideii.madrid@educa.madrid.org|913487658|915483931|""|""|""|http://www.teideformacion.com|5|Madrid-Capital|28013|439841.0|4474146.0|49|Mayor|CALLE|01|Centro|079|Madrid|440264.7489361702|4474293.580851064|448.7129020946017
28027591|UNIVERSIDAD POLITECNICA DE MADRID|401|UNIVERSIDAD|UNIVERSIDAD|U. POLITECNICA DE MADRID|PÚBLICO|""|0|913366000|""|""|""|""|5|Madrid-Capital|28040|||""|de Ramiro de Maeztu|CALLE|""|""|079|Madrid|440157.3842874543|4474481.943970768|0.0
28027606|UNIVERSIDAD AUTONOMA DE MADRID|401|UNIVERSIDAD|UNIVERSIDAD|U. AUTONOMA DE MADRID|PÚBLICO|""|913974123|913975000|""|""|""|""|5|Madrid-Capital|28049|||""|CTRA. COLMENAR VIEJO, KM. 15|""|""|""|079|Madrid|440157.3842874543|4474481.943970768|0.0
28027898|UNIVERSIDAD DE ALCALA DE HENARES|401|UNIVERSIDAD|UNIVERSIDAD|U. DE ALCALA DE HENARES|PÚBLICO|""|0|918882200|""|""|""|""|3|Madrid-Este|28801|||""|DE SAN DIEGO, S/N - EDIFICIO SAN ILDEFONSO|PLAZA|""|""|005|Alcalá de Henares|440157.3842874543|4474481.943970768|0.0
28041810|UNIVERSIDAD CARLOS III|401|UNIVERSIDAD|UNIVERSIDAD|U. CARLOS III|PÚBLICO|""|916249758|916249500|""|""|""|""|2|Madrid-Sur|28903|||""|MADRID, 126-128|""|""|""|065|Getafe|440157.3842874543|4474481.943970768|0.0
28060580|ESCUELA DE FORMACION ESPEC. IMAGEN DIAG. HOSPITAL CLINICO SAN CARLOS|049|CP FPE|CENTRO PÚBLICO DE FORMACIÓN PROFESIONAL ESPECÍFICA|SERVICIO MADRILEÑO DE SALUD|PÚBLICO-TITULARIDAD PRIVADA|fpe.hospitalclinico.madrid@educa.madrid.org|913303580|913303583|""|""|""|http://www.educa.madrid.org/fpe.hospitalclinico.madrid|5|Madrid-Capital|28040|438970.0|4476829.0|s/n|del Profesor Martín Lagos|CALLE|09|Moncloa-Aravaca|079|Madrid|438924.0|4479147.0|2318.4563830272937
