{"centro_codigo":"28062084","centro_nombre":"INSTITUTO VOX","centro_tipo_codigo":"058","centro_tipo_desc_abreviada":"CPR FPE","centro_tipo_descripcion":"CENTRO PRIVADO DE FORMACIÓN PROFESIONAL ESPECÍFICA","centro_titular":"INSTITUTO VOX, S.L. UNIPERSONAL","centro_titularidad":"PRIVADO","contacto_email1":"institutovox@institutovox.es","contacto_fax":"","contacto_telefono1":"","contacto_telefono2":"915471759","contacto_telefono3":"","contacto_telefono4":"","contacto_web":"","dat_codigo":"5","dat_nombre":"Madrid-Capital","direccion_codigo_postal":"","direccion_coor_x":439513.0,"direccion_coor_y":4476920.0,"direccion_numero":"115B","direccion_via_nombre":"de Guzmán el Bueno","direccion_via_tipo":"CALLE","distrito_codigo":"07","distrito_nombre":"Chamberí","municipio_codigo":"079","municipio_nombre":"Madrid","avg_x":439602.9362934363,"avg_y":4476838.754826255,"distancia_euclideana":121.19948487467829}
{"centro_codigo":"28022323","centro_nombre":"TEIDE II","centro_tipo_codigo":"058","centro_tipo_desc_abreviada":"CPR FPE","centro_tipo_descripcion":"CENTRO PRIVADO DE FORMACIÓN PROFESIONAL ESPECÍFICA","centro_titular":"SOCIEDAD COOPERATIVA MADRILEÑA TEIDE-HEASE","centro_titularidad":"PRIVADO CONCERTADO","contacto_email1":"cc.teideii.madrid@educa.madrid.org","contacto_fax":"913487658","contacto_telefono1":"915483931","contacto_telefono2":"","contacto_telefono3":"","contacto_telefono4":"","contacto_web":"http://www.teideformacion.com","dat_codigo":"5","dat_nombre":"Madrid-Capital","direccion_codigo_postal":"28013","direccion_coor_x":439841.0,"direccion_coor_y":4474146.0,"direccion_numero":"49","direccion_via_nombre":"Mayor","direccion_via_tipo":"CALLE","distrito_codigo":"01","distrito_nombre":"Centro","municipio_codigo":"079","municipio_nombre":"Madrid","avg_x":440264.7489361702,"avg_y":4474293.580851064,"distancia_euclideana":448.7129020946017}
{"centro_codigo":"28027591","centro_nombre":"UNIVERSIDAD POLITECNICA DE MADRID","centro_tipo_codigo":"401","centro_tipo_desc_abreviada":"UNIVERSIDAD","centro_tipo_descripcion":"UNIVERSIDAD","centro_titular":"U. POLITECNICA DE MADRID","centro_titularidad":"PÚBLICO","contacto_email1":"","contacto_fax":"0","contacto_telefono1":"913366000","contacto_telefono2":"","contacto_telefono3":"","contacto_telefono4":"","contacto_web":"","dat_codigo":"5","dat_nombre":"Madrid-Capital","direccion_codigo_postal":"28040","direccion_numero":"","direccion_via_nombre":"de Ramiro de Maeztu","direccion_via_tipo":"CALLE","distrito_codigo":"","distrito_nombre":"","municipio_codigo":"079","municipio_nombre":"Madrid","avg_x":440157.3842874543,"avg_y":4474481.943970768,"distancia_euclideana":0.0}
{"centro_codigo":"28027606","centro_nombre":"UNIVERSIDAD AUTONOMA DE MADRID","centro_tipo_codigo":"401","centro_tipo_desc_abreviada":"UNIVERSIDAD","centro_tipo_descripcion":"UNIVERSIDAD","centro_titular":"U. AUTONOMA DE MADRID","centro_titularidad":"PÚBLICO","contacto_email1":"","contacto_fax":"913974123","contacto_telefono1":"913975000","contacto_telefono2":"","contacto_telefono3":"","contacto_telefono4":"","contacto_web":"","dat_codigo":"5","dat_nombre":"Madrid-Capital","direccion_codigo_postal":"28049","direccion_numero":"","direccion_via_nombre":"CTRA. COLMENAR VIEJO, KM. 15","direccion_via_tipo":"","distrito_codigo":"","distrito_nombre":"","municipio_codigo":"079","municipio_nombre":"Madrid","avg_x":440157.3842874543,"avg_y":4474481.943970768,"distancia_euclideana":0.0}
{"centro_codigo":"28027898","centro_nombre":"UNIVERSIDAD DE ALCALA DE HENARES","centro_tipo_codigo":"401","centro_tipo_desc_abreviada":"UNIVERSIDAD","centro_tipo_descripcion":"UNIVERSIDAD","centro_titular":"U. DE ALCALA DE HENARES","centro_titularidad":"PÚBLICO","contacto_email1":"","contacto_fax":"0","contacto_telefono1":"918882200","contacto_telefono2":"","contacto_telefono3":"","contacto_telefono4":"","contacto_web":"","dat_codigo":"3","dat_nombre":"Madrid-Este","direccion_codigo_postal":"28801","direccion_numero":"","direccion_via_nombre":"DE SAN DIEGO, S/N - EDIFICIO SAN ILDEFONSO","direccion_via_tipo":"PLAZA","distrito_codigo":"","distrito_nombre":"","municipio_codigo":"005","municipio_nombre":"Alcalá de Henares","avg_x":440157.3842874543,"avg_y":4474481.943970768,"distancia_euclideana":0.0}
{"centro_codigo":"28041810","centro_nombre":"UNIVERSIDAD CARLOS III","centro_tipo_codigo":"401","centro_tipo_desc_abreviada":"UNIVERSIDAD","centro_tipo_descripcion":"UNIVERSIDAD","centro_titular":"U. CARLOS III","centro_titularidad":"PÚBLICO","contacto_email1":"","contacto_fax":"916249758","contacto_telefono1":"916249500","contacto_telefono2":"","contacto_telefono3":"","contacto_telefono4":"","contacto_web":"","dat_codigo":"2","dat_nombre":"Madrid-Sur","direccion_codigo_postal":"28903","direccion_numero":"","direccion_via_nombre":"MADRID, 126-128","direccion_via_tipo":"","distrito_codigo":"","distrito_nombre":"","municipio_codigo":"065","municipio_nombre":"Getafe","avg_x":440157.3842874543,"avg_y":4474481.943970768,"distancia_euclideana":0.0}
{"centro_codigo":"28060580","centro_nombre":"ESCUELA DE FORMACION ESPEC. IMAGEN DIAG. HOSPITAL CLINICO SAN CARLOS","centro_tipo_codigo":"049","centro_tipo_desc_abreviada":"CP FPE","centro_tipo_descripcion":"CENTRO PÚBLICO DE FORMACIÓN PROFESIONAL ESPECÍFICA","centro_titular":"SERVICIO MADRILEÑO DE SALUD","centro_titularidad":"PÚBLICO-TITULARIDAD PRIVADA","contacto_email1":"fpe.hospitalclinico.madrid@educa.madrid.org","contacto_fax":"913303580","contacto_telefono1":"913303583","contacto_telefono2":"","contacto_telefono3":"","contacto_telefono4":"","contacto_web":"http://www.educa.madrid.org/fpe.hospitalclinico.madrid","dat_codigo":"5","dat_nombre":"Madrid-Capital","direccion_codigo_postal":"28040","direccion_coor_x":438970.0,"direccion_coor_y":4476829.0,"direccion_numero":"s/n","direccion_via_nombre":"del Profesor Martín Lagos","direccion_via_tipo":"CALLE","distrito_codigo":"09","distrito_nombre":"Moncloa-Aravaca","municipio_codigo":"079","municipio_nombre":"Madrid","avg_x":438924.0,"avg_y":4479147.0,"distancia_euclideana":2318.4563830272937}
